insert into STUDENT (id ,NAME, BIRTHDAY, GROUPNUMBER) values (1, 'John', '2000-12-01', 1);
insert into STUDENT (id ,NAME, BIRTHDAY, GROUPNUMBER) values (2, 'Chris', '2000-06-05', 1);
insert into STUDENT (id ,NAME, BIRTHDAY, GROUPNUMBER) values (3, 'Carl', '2001-02-15', 1);
insert into STUDENT (id ,NAME, BIRTHDAY, GROUPNUMBER) values (4, 'Oliver', '1998-01-11', 2);
insert into STUDENT (id ,NAME, BIRTHDAY, GROUPNUMBER) values (5, 'James', '2000-01-27', 2);
insert into STUDENT (id ,NAME, BIRTHDAY, GROUPNUMBER) values (6, 'Lucas', '2003-10-13', 2);
insert into STUDENT (id ,NAME, BIRTHDAY, GROUPNUMBER) values (7, 'Henry', '2002-06-09', 2);
insert into STUDENT (id ,NAME, BIRTHDAY, GROUPNUMBER) values (8, 'Jacob', '2004-07-19', 3);
insert into STUDENT (id ,NAME, BIRTHDAY, GROUPNUMBER) values (9, 'Logan', '2001-12-30', 3);
insert into STUDENT (id ,NAME, BIRTHDAY, GROUPNUMBER) values (10, 'Leo', '2002-05-07', 4);
insert into STUDENT (id ,NAME, BIRTHDAY, GROUPNUMBER) values (11, 'Anvar', '2003-07-27', 4);
insert into STUDENT (id ,NAME, BIRTHDAY, GROUPNUMBER) values (12, 'Nina', '2005-01-05', 4);
insert into STUDENT (id ,NAME, BIRTHDAY, GROUPNUMBER) values (13, 'Lee', '2000-01-18', 5);
insert into STUDENT (id ,NAME, BIRTHDAY, GROUPNUMBER) values (14, 'Azamat', '2000-04-10', 5);
insert into STUDENT (id ,NAME, BIRTHDAY, GROUPNUMBER) values (15, 'Sodik', '2004-12-12', 5);
insert into SUBJECT(name, grade) VALUES ('Art', 1);
insert into SUBJECT(name, grade) VALUES ('Music', 1);
insert into SUBJECT(name, grade) VALUES ('Geography', 2);
insert into SUBJECT(name, grade) VALUES ('History', 2);
insert into SUBJECT(name, grade) VALUES ('PE', 3);
insert into SUBJECT(name, grade) VALUES ('Math', 3);
insert into SUBJECT(name, grade) VALUES ('Science', 4);
insert into SUBJECT(name, grade) VALUES ('IT', 4);
insert into SUBJECT(name, grade) VALUES ('Games', 5);
insert into SUBJECT(name, grade) VALUES ('Physics', 5);
insert into PAYMENTTYPE(name) VALUES ('DAILY');
insert into PAYMENTTYPE(name) VALUES ('WEEKLY');
insert into PAYMENTTYPE(name) VALUES ('MONTHLY');
insert into PAYMENT(type_id, amount, payment_date, student_id) VALUES ((select id from PAYMENTTYPE where NAME = 'WEEKLY') , 65, '2023-04-01', 1);
insert into PAYMENT(type_id, amount, payment_date, student_id) VALUES ((select id from PAYMENTTYPE where NAME = 'MONTHLY') , 210, '2023-04-01', 4);
insert into PAYMENT(type_id, amount, payment_date, student_id) VALUES ((select id from PAYMENTTYPE where NAME = 'WEEKLY') , 70, '2023-04-01', 7);
insert into PAYMENT(type_id, amount, payment_date, student_id) VALUES ((select id from PAYMENTTYPE where NAME = 'DAILY') , 10, '2023-04-01', 5);
insert into PAYMENT(type_id, amount, payment_date, student_id) VALUES ((select id from PAYMENTTYPE where NAME = 'DAILY') , 10, '2023-04-01', 2);
insert into PAYMENT(type_id, amount, payment_date, student_id) VALUES ((select id from PAYMENTTYPE where NAME = 'DAILY') , 10, '2023-04-01', 3);
insert into MARK(student_id, subject_id, mark) VALUES (2 , select id from SUBJECT where NAME = 'Art', 8);
insert into MARK(student_id, subject_id, mark) VALUES (4 , select id from SUBJECT where NAME = 'History', 5);
insert into MARK(student_id, subject_id, mark) VALUES (5 , select id from SUBJECT where NAME = 'Geography', 9);
insert into MARK(student_id, subject_id, mark) VALUES (8 , select id from SUBJECT where NAME = 'Math', 4);
insert into MARK(student_id, subject_id, mark) VALUES (9 , select id from SUBJECT where NAME = 'PE', 9);
insert into MARK(student_id, subject_id, mark) VALUES (12 , select id from SUBJECT where NAME = 'IT', 10);
insert into MARK(student_id, subject_id, mark) VALUES (13 , select id from SUBJECT where NAME = 'Math', 5);
insert into MARK(student_id, subject_id, mark) VALUES (15 , select id from SUBJECT where NAME = 'Math', 10);